{
  "homebrew_version": "3.6.21-42-g4b766b3",
  "used_options": [

  ],
  "unused_options": [

  ],
  "built_as_bottle": false,
  "poured_from_bottle": false,
  "loaded_from_api": false,
  "installed_as_dependency": false,
  "installed_on_request": true,
  "changed_files": null,
  "time": 1676014643,
  "source_modified_time": 1663941156,
  "compiler": "clang",
  "aliases": [

  ],
  "runtime_dependencies": [

  ],
  "source": {
    "path": "/Users/jbalahce/.local/opt/homebrew/Library/Taps/homebrew/homebrew-core/Formula/readline.rb",
    "tap": "homebrew/core",
    "tap_git_head": "4aecb9030d1a5d5dce05b1da1233b8b38297b5e0",
    "spec": "stable",
    "versions": {
      "stable": "8.2.1",
      "head": "",
      "version_scheme": 0
    }
  },
  "arch": "x86_64",
  "built_on": {
    "os": "Macintosh",
    "os_version": "macOS 10.14.6",
    "cpu_family": "kabylake",
    "xcode": "11.3.1",
    "clt": "10.3.0.0.1.1562985497",
    "preferred_perl": "5.18"
  }
}